{"cameraMode":{"drawMode":0,"name":"Shaded","section":"Shading Mode"},"sceneLighting":false,"audioPlay":false,"sceneViewState":{"m_AlwaysRefresh":true,"showFog":true,"showSkybox":false,"showFlares":true,"showImageEffects":true,"showParticleSystems":true,"showVisualEffectGraphs":true,"m_FxEnabled":true},"in2DMode":false,"pivot":{"x":1359.9254150390625,"y":843.1705322265625,"z":585.7402954101563},"rotation":{"x":-0.10033068805932999,"y":-0.0029849291313439609,"z":-0.00030100904405117035,"w":0.9949511289596558},"size":736.7203979492188,"orthographic":false}