{"cameraMode":{"drawMode":0,"name":"Shaded","section":"Shading Mode"},"sceneLighting":true,"audioPlay":false,"sceneViewState":{"m_AlwaysRefresh":true,"showFog":true,"showSkybox":true,"showFlares":true,"showImageEffects":true,"showParticleSystems":true,"showVisualEffectGraphs":true,"m_FxEnabled":true},"in2DMode":false,"pivot":{"x":2058.23974609375,"y":379.8222961425781,"z":528.7999267578125},"rotation":{"x":-0.1403171718120575,"y":0.054920993745326999,"z":0.007795561105012894,"w":0.9885528683662415},"size":1520.6900634765625,"orthographic":false}