{"cameraMode":{"drawMode":0,"name":"Shaded","section":"Shading Mode"},"sceneLighting":true,"audioPlay":false,"sceneViewState":{"m_AlwaysRefresh":true,"showFog":true,"showSkybox":true,"showFlares":true,"showImageEffects":true,"showParticleSystems":true,"showVisualEffectGraphs":true,"m_FxEnabled":true},"in2DMode":false,"pivot":{"x":0.13553524017333985,"y":1.730886459350586,"z":9.321001052856446},"rotation":{"x":-0.06178339570760727,"y":0.19191335141658784,"z":0.012106562964618206,"w":0.9793904423713684},"size":1.8001271486282349,"orthographic":false}